	keyword	header	path	sitelinks	text	refinement	phone	worktime	city	time
0	натяжной потолок	Натяжной потолок за 249 руб! / potolokplus26.ru	potolokplus26.ru/Натяжные-потолки	Матовые Глянцевые С фотопечатью Многоуровневые	Натяжные потолки от производителя с Гарантией 10 лет! Установим за 2 часа!	Бесплатный замер и монтаж||Установка за один день||Гарантия 10 лет	+7 (8652) 20-71-30		Ставрополь	пн-вс 8:00-20:00
1	натяжной потолок	Натяжные потолки в Ставрополе / wifi-co.ru	wifi-co.ru		Натяжные потолки от производителя! Качественно!					
2	натяжной потолок	Натяжные потолки в Ставрополе / potolkov26.ru	potolkov26.ru	Галерея работ Цены Контакты	Сделаем натяжные потолки за 1 день! Работа без предоплаты. Скидка 20%.		+7 (8652) 20-65-12		Ставрополь	пн-вс 8:00-21:00
3	натяжной потолок	Ремонт потолка в квартире ! – в Ставрополе!	строимвместе26.рф/ремонт-под-ключ	Стены Потолки Полы Грузчики	Выезд специалиста бесплатный. Скидки на объеме. Звоните!		+7 (928) 322-77-98		Ставрополь	пн-вс 9:00-20:00
4	натяжной потолок	Дизайн потолков. Фотогалерея / proektmebeli.online	proektmebeli.online	Дизайн интерьеров Кухни фото Гостиные Детская комната	Все тонкости потолочного декора! Натяжные потолки. Фото:					
5	натяжной потолок	Magic Track. Волшебная трасса 2690р. - Подарок ребенку.	tn.kma1.biz/Волшебная-трасса	Скидка 53% Подарок Длина 3 метра Светится в темноте	Любая форма трассы. 220 деталей. Скидка 50% до 24.00. Гарантия, чек!					
6	натяжной потолок	Натяжной потолок - Цены, спрос и предложение.	stroika.pdo.ru/Строительство	Строительные материалы Инструменты Оборудование Сантехника	Натяжной потолок – объявленияЕсть противопоказания. Посоветуйтесь с врачом.18+					
7	натяжной потолок	Установка подвесных потолков! / uslugi.1777.ru	uslugi.1777.ru		Все специалисты, бригады, фирмы и объявления с фото в Ставрополе!					
8	натяжной потолок	Натяжные потолки / stroy.rusopt.ru	stroy.rusopt.ru		Где недорого Натяжные потолки? Я нашел здесь!					
9	натяжной потолок	Муж на час,мастер на час / profmaster74.ru	profmaster74.ru		Услуги муж на час					
10	натяжной потолок	Установка подвесных потолков! / uslugi.1777.ru	uslugi.1777.ru		Все специалисты, бригады, фирмы и объявления с фото в Ставрополе!					
11	натяжной потолок	Потолки подвесные - Кассетные потолки.	stroyland.biz		Потолочные кассеты. Оцените предложения.					
12	натяжной потолок	Полы, стены ремонтируем. / arost24.ru	arost24.ru		Обои, ламинат, стяжка.					
13	натяжной потолок	Натяжные Потолки / price.ru	price.ru	Двери Окна Все товары	Потолки. Подбор по цене. Сравнивай на Price.ru и покупай выгодно!					
14	натяжной потолок	Выравнивание, демонтаж. / stroika124.ru	stroika124.ru		Выравнивание, демонтаж.Плинтуса, обои.					
15	натяжной потолок	Потолки, обои. / krasnoyarsk.okremont.com	krasnoyarsk.okremont.com		Шпаклевка, стены, ламинат.					
16	натяжной потолок	Ремонт, стены, потолки. - Штукатурка.	krasnoyarsk.etalon-remont.ru		Обои. Сантехника.					
17	натяжной потолок	Наклеим обои. / рсс24.рф	рсс24.рф		Стены, потолки, выравнивание.					
18	натяжной потолок	Потолки, ремонт. / красремстрой.рф	красремстрой.рф		Выравнивание, стяжка, обои.					
19	натяжной потолок	Демонтажные работы. / st.sealproekt.ru	st.sealproekt.ru		Демонтаж, выравнивание, стены, полы.					
20	натяжной потолок	Выравнивание, штукатурка. / sibirskiystil.ru	sibirskiystil.ru		Штукатурка, демонтаж, стены, потолки.					
21	натяжной потолок	Строим своими руками!!! / allremont59.ru	allremont59.ru		У нас вы найдете ответы на любые вопросы связанные со строительством! Жми!					
22	натяжной потолок купить	Купить натяжные потолки - Установим за 2-3 дня.	vse-potolki.ru/Цены	Акции Гарантии Каталог Контакты	Гарантия 10 лет. От 30 кв.м. - скидка 10 %. Звоните!		+7 (918) 888-73-18			пн-вс 9:00-21:00
23	натяжной потолок купить	Натяжной потолок от 249 руб! - Купи сейчас со скидкой 10%.	potolokplus26.ru/Натяжные-потолки	Матовые Глянцевые С фотопечатью Многоуровневые	Гарантия 10 лет! Установим за 2 часа!		+7 (8652) 20-71-30		Ставрополь	пн-вс 8:00-20:00
24	натяжной потолок купить	Натяжные потолки в Ставрополе / wifi-co.ru	wifi-co.ru		Натяжные потолки от производителя! Качественно!					
25	натяжной потолок купить	Купить натяжной потолок / potolkov26.ru	potolkov26.ru	Показать цены Отзывы клиентов Узнать контакты Рассрочка	Натяжные потолки в Ставрополе от 350р/кв.м. Гарантия 10 лет. Акции! Скидки!		+7 (8652) 20-65-12		Ставрополь	пн-вс 8:00-21:00
26	натяжной потолок купить	Люстры.Бра. Торшеры. / bohemia-ivele-crystal.ru	bohemia-ivele-crystal.ru	Чешские люстры Бра Модные Светильники Торшеры	Подберем нужную люстру в Ваш интерьер Абсолютно Бесплатно.		+7 (499) 397-78-47			пн-пт 10:00-21:00
27	натяжной потолок купить	IES файлы для светильника / arlight.group	arlight.group		IES файлы для источников света: ленты, светильники, лампы, светодиоды.					
28	натяжной потолок купить	Уличные фонари. Производство. / light.udm.ru	light.udm.ru		Изготовим уличные фонари по нашим и вашим каталогам. Опыт работы 17 лет.					
29	натяжной потолок купить	Дизайн потолков. Фотогалерея / proektmebeli.online	proektmebeli.online	Дизайн интерьеров Кухни фото Гостиные Детская комната	Все тонкости потолочного декора! Натяжные потолки. Фото:					
30	натяжной потолок купить	Светильник LED – Дешево + Доставка!	z29.ru/Товары-TV-SHOP-оптом	TV-товары оптом Z29 Заказ от 7 000 руб. Гарантия 6 мес. Скидки до 21%	По низким ценам! Удивительные товары оптом! Оригинал 100%! Доставка по РФ!		8 (800) 555-49-44			круглосуточно
31	натяжной потолок купить	Абажуры на заказ - только для Вас / isvet.ru	isvet.ru	Абажуры ретро Абажуры современные Абажуры ткань Абажуры на заказ	В наличии и по Вашим эскизам. Любые партии. Выгодные цены, сжатые сроки.		+7 (495) 772-66-01			пн-пт 10:00-18:00
32	натяжной потолок купить	Точечные светильники для потолков - Разные виды!	tosvet.ru	Точечные MR 16 Точечные MR 11 Точечные рефлекторные Выставочный зал	Звоните! Низкие цены! Большой ассортимент! Розница/Опт!					
33	натяжной потолок купить	Куплю натяжные потолки / sadovniki.by	sadovniki.by	Товары для дачи Садовая техника Строительные материалы	«Садовники.Маркет» - каталог товаров для сада и строительства дачи.					
34	натяжной потолок купить	Натяжные Потолки Купить / price.ru	price.ru	Двери Окна Все товары	Потолки. Подбор по цене. Сравнивай на Price.ru и покупай выгодно!					
35	натяжной потолок купить	Помощь юриста в суде. Лицензирование / москва177.рус	москва177.рус		1925 довольных клиентов. Опыт 13 лет. Гарантии результата закреплены в договоре		+7 (911) 615-95-56			пн-вс 8:00-23:00
36	натяжной потолок купить	Абажуры на заказ - только для Вас / isvet.ru	isvet.ru	Абажуры ретро Абажуры современные Абажуры ткань Абажуры на заказ	В наличии и по Вашим эскизам. Любые партии. Выгодные цены, сжатые сроки.		+7 (495) 772-66-01			пн-пт 10:00-18:00
37	натяжной потолок купить	Садово-Парковые светильники - От Завода производителя.	светодиоды-кубани.рф	Опоры освещения Ландшафтные Влагозащищенные настенные Подводные	Опоры освещения. Огромный выбор!		+7 (861) 260-61-39			пн-сб 9:00-18:00
38	натяжной потолок купить	Купить натяжные потолки / stroyland.biz	stroyland.biz		Натяжные потолки - матовые и глянцевые. Оцените предложения.					
39	натяжной потолок купить	Натяжной потолок - Цены, спрос и предложение.	stroika.pdo.ru/Строительство	Строительные материалы Инструменты Оборудование Сантехника	Натяжной потолок – объявленияЕсть противопоказания. Посоветуйтесь с врачом.18+					
40	натяжной потолок купить	Муж на час,мастер на час / profmaster74.ru	profmaster74.ru		Услуги муж на час					
41	натяжной потолок купить	Натяжные потолки / stroy.rusopt.ru	stroy.rusopt.ru		Где недорого Натяжные потолки? Я нашел здесь!					
42	натяжной потолок купить	Натяжные потолки / matito.ru	matito.ru		фирмы, магазины, организации, адреса, телефоны, сайты, на сайте Матито.ру					
43	натяжной потолок купить	Полы, стены ремонтируем. / arost24.ru	arost24.ru		Обои, ламинат, стяжка.					
44	натяжной потолок купить	Карнизы, натяжные потолки и светильники - купить...	avito.ru/Карнизы-натяжные-пот...	Шины Б/У из Европы	Шины Б/У из Европы. износ 20% экономи 50%		+7 (8652) 68-26-02		Ставрополь	пн-вс 8:00-20:00
45	натяжной потолок купить	Лаковый кожаный ремень J.Willson / m4k.ru	m4k.ru		Телячья кожа с имитацией кожи теленка. Несколько вариантов расцветки.		+7 (495) 227-05-90			пн-пт 9:00-19:30
46	натяжной потолок купить	Выравнивание, демонтаж. / stroika124.ru	stroika124.ru		Выравнивание, демонтаж.Плинтуса, обои.					
47	натяжной потолок купить	Купить натяжные потолки / splyse.ru	splyse.ru		Глянцевые, матовые, бесшовные, тканевые натяжные потолки. Сравните цены.					
48	натяжной потолок купить	Xiaomi Philips Eyecare Smart Lamp / poood.ru	poood.ru/настольная-лампа	Xiaomi (Mi) Товары для дома Доставка	Настольная лампа Xiaomi Philips Eyecare Smart Lamp, 2990 р. Доставка по РФ.	Контактная информация||+7 (495) 744-32-88||пн-чт 9:30-21:00, пт 9:30-18:00,...				
49	натяжной потолок купить	Потолки, обои. / krasnoyarsk.okremont.com	krasnoyarsk.okremont.com		Шпаклевка, стены, ламинат.					
50	натяжной потолок купить	"Отель ""Светлана"" Анапа / kurortmag.ru"	kurortmag.ru		"Путевки в отель ""Светлана"" Анапа от КУРОРТНОГО МАГАЗИНА"					
51	натяжной потолок купить	Купите шины Durun A-One - Выберите резину Durun A-One.	durun.poisk-shin.ru		Цены от 2959 руб.					
52	натяжной потолок купить	Качественные LED лампы BBK - Гарантия 3 года.	sestek.ru	Светодиодные лампы BBK	Высокая надежность и качество.		+7 (914) 883-16-19			пн-пт 10:00-20:00
53	натяжной потолок купить	Наклеим обои. / рсс24.рф	рсс24.рф		Стены, потолки, выравнивание.					
54	натяжной потолок купить	Ремонт, стены, потолки. - Штукатурка.	krasnoyarsk.etalon-remont.ru		Обои. Сантехника.					
55	натяжной потолок купить	Демонтажные работы. / st.sealproekt.ru	st.sealproekt.ru		Демонтаж, выравнивание, стены, полы.					
56	натяжной потолок купить	Светильник точечный, встраиваемый / электроникаонлайн.рф	электроникаонлайн.рф		Качественные встраиваемые светильники для потолка от производителя.		+7 (495) 644-28-36			пн-пт 10:00-20:00
57	натяжной потолок купить	Потолки, ремонт. / красремстрой.рф	красремстрой.рф		Выравнивание, стяжка, обои.					
58	натяжной потолок купить	Выравнивание, штукатурка. / sibirskiystil.ru	sibirskiystil.ru		Штукатурка, демонтаж, стены, потолки.					
59	натяжной потолок купить	Дизайнерские люстры / designlamp.ru	designlamp.ru		Широкий выбор дизайнерских люстр и светильников для стильного интерьера		+7 (812) 950-91-82			пн-пт 10:00-18:00
60	натяжной потолок купить	Строим своими руками!!! / allremont59.ru	allremont59.ru		У нас вы найдете ответы на любые вопросы связанные со строительством! Жми!					
61	натяжной потолок купить	Недорого продам земельный участок / youtube.com	youtube.com		Продается 10 соток земельного участка вблизи от леса. Есть свет, электрички		+7 (903) 105-58-08			пн-вс 8:00-22:30
62	натяжной потолок купить	Светодиодный светильник / medioll.ru	medioll.ru		Светодиодный светильник - Интернет-магазин, доставка бесплатно!Есть противопоказания. Посоветуйтесь с врачом.					
63	натяжной потолок купить	Светодиодные автолампы H3 / maltera.ru	maltera.ru	Самая яркая H3 H3 - Samsung Габаритные огни	Большой выбор светодиодных ламп. Доставка по России. Гарантия 1 год		+7 (968) 076-41-88			пн-вс 10:00-20:00
64	натяжной потолок купить	Светодиодная лента разных цветов. / stone-light.ru	stone-light.ru		Светодиодная лента,светодиодные модули.В розницу и оптом.		+7 (916) 135-35-82			пн-пт 10:00-18:00
65	натяжной потолок ставропол	Натяжной потолок за 249 руб! / potolokplus26.ru	potolokplus26.ru/Натяжные-потолки	Матовые Глянцевые С фотопечатью Многоуровневые	Натяжные потолки от производителя с Гарантией 10 лет! Установим за 2 часа!	Бесплатный замер и монтаж||Установка за один день||Гарантия 10 лет	+7 (8652) 20-71-30		Ставрополь	пн-вс 8:00-20:00
66	натяжной потолок ставропол	Натяжные потолки в Ставрополе / wifi-co.ru	wifi-co.ru		Натяжные потолки от производителя! Качественно!					
67	натяжной потолок ставропол	Натяжные потолки в Ставрополе / potolkov26.ru	potolkov26.ru	Купите в рассрочку Онлайн-калькулятор Палитра цветов Прочтите отзывы	Компания «Потолков» - монтаж и ремонт натяжных потолков. Гарантия 10 лет.		+7 (8652) 20-65-12		Ставрополь	пн-вс 8:00-21:00
68	натяжной потолок ставропол	Ремонт потолка в квартире ! – в Ставрополе!	строимвместе26.рф/ремонт-под-ключ	Стены Потолки Полы Грузчики	Выезд специалиста бесплатный. Скидки на объеме. Звоните!		+7 (928) 322-77-98		Ставрополь	пн-вс 9:00-20:00
69	натяжной потолок ставропол	Дизайн потолков. Фотогалерея / proektmebeli.online	proektmebeli.online	Дизайн интерьеров Кухни фото Гостиные Детская комната	Все тонкости потолочного декора! Натяжные потолки. Фото:					
70	натяжной потолок ставропол	Натяжной потолок - Цены, спрос и предложение.	stroika.pdo.ru/Строительство	Строительные материалы Инструменты Оборудование Сантехника	Натяжной потолок – объявленияЕсть противопоказания. Посоветуйтесь с врачом.18+					
71	натяжной потолок ставропол	Magic Track. Волшебная трасса 2690р. - Подарок ребенку.	tn.kma1.biz/Волшебная-трасса	Скидка 53% Подарок Длина 3 метра Светится в темноте	Любая форма трассы. 220 деталей. Скидка 50% до 24.00. Гарантия, чек!					
72	натяжной потолок ставропол	Муж на час,мастер на час / profmaster74.ru	profmaster74.ru		Услуги муж на час					
73	натяжной потолок ставропол	Натяжные потолки / stroy.rusopt.ru	stroy.rusopt.ru		Где недорого Натяжные потолки? Я нашел здесь!					
74	натяжной потолок ставропол	Натяжные потолки / matito.ru	matito.ru		фирмы, магазины, организации, адреса, телефоны, сайты, на сайте Матито.ру					
75	натяжной потолок ставропол	Натяжные потолки / matito.ru	matito.ru		фирмы, магазины, организации, адреса, телефоны, сайты, на сайте Матито.ру					
76	натяжной потолок ставропол	Установка подвесных потолков! / uslugi.1777.ru	uslugi.1777.ru		Все специалисты, бригады, фирмы и объявления с фото в Ставрополе!					
77	натяжной потолок ставропол	Полы, стены ремонтируем. / arost24.ru	arost24.ru		Обои, ламинат, стяжка.					
78	натяжной потолок ставропол	Потолки подвесные - Кассетные потолки.	stroyland.biz		Потолочные кассеты. Оцените предложения.					
79	натяжной потолок ставропол	Демонтаж. Потолки. - Выравнивание, демонтаж.	ооо-ремонт.рф		Плинтуса, потолки.					
80	натяжной потолок ставропол	Потолки, обои. / krasnoyarsk.okremont.com	krasnoyarsk.okremont.com		Шпаклевка, стены, ламинат.					
81	натяжной потолок ставропол	Натяжные Потолки / price.ru	price.ru	Двери Окна Все товары	Потолки. Подбор по цене. Сравнивай на Price.ru и покупай выгодно!					
82	натяжной потолок ставропол	Ремонт, стены, потолки. - Штукатурка.	krasnoyarsk.etalon-remont.ru		Обои. Сантехника.					
83	натяжной потолок ставропол	Потолки, ремонт. / красремстрой.рф	красремстрой.рф		Выравнивание, стяжка, обои.					
84	натяжной потолок ставропол	Наклеим обои. / рсс24.рф	рсс24.рф		Стены, потолки, выравнивание.					
85	натяжной потолок ставропол	Демонтажные работы. / st.sealproekt.ru	st.sealproekt.ru		Демонтаж, выравнивание, стены, полы.					
86	натяжной потолок ставропол	Строим своими руками!!! / allremont59.ru	allremont59.ru		У нас вы найдете ответы на любые вопросы связанные со строительством! Жми!					
