time;type;position;keyword;header;text;path;sitelinks
20.11.2018 19:36:06;реклама;1;реклама в гугл;Яндекс.Директ - эффективная реклама – Начните сейчас!;Целевые посетители для вашего сайта. Гибкие настройки. Быстрый результат!;direct.yandex.ru›Яндекс-Директ;Бесплатно настроим Директ||Обучение Директу||Кейсы||Истории успеха
20.11.2018 19:36:07;реклама;2;реклама в гугл;Google AdWords стал Google Рекламой / ads.google.com;Запустите сегодня и получите промокод на 3 000 р. Бесплатная помощь в настройке!;ads.google.com›Google-Реклама;
20.11.2018 19:36:07;реклама;3;реклама в гугл;Директолог Александр Эрфурт – Настраиваю Лично!;Яндекс Директ и Google Реклама за 16 500 рублей. 2 недели сопровождения в подарок;ksandrox.ru›реклама;
20.11.2018 19:36:07;реклама;4;реклама в гугл;Размещение Гугл рекламы – Профессионалами!;От 5000 ₽ ! Опыт 9 лет! Сертифицированное агенство! Клиенты и заявки с первого дня!;netband.ru›гугл-реклама;
20.11.2018 19:36:07;seo;5;реклама в гугл;sign in;;adwords.google.com;
20.11.2018 19:36:07;seo;6;реклама в гугл;Онлайн реклама в поиске... | Google Россия;Запустите рекламу онлайн вместе с Google Реклама. Используйте объявления с оплатой за клик и находите клиентов для вашего бизнеса в Google Поиске... ;ads.google.com;
20.11.2018 19:36:07;seo;7;реклама в гугл;Как рекламировать ваш бизнес в Google абсолютно...;Почему бесплатная реклама в Google важна для вашего бизнеса? ... Для достижения этого вам понадобится всего один сервис – Google Мой Бизнес. С его помощью вы разместите информацию о вашей компании в Google+... ;geniusmarketing.me›lab…reklamirovat-vash…v-google…;
20.11.2018 19:36:07;seo;8;реклама в гугл;Настройка рекламы Google AdWords 2018: пошаговая...;Настройка рекламы Google AdWords: пошаговая инструкция. По. Билл Джобс. ... Пример рекламных объявлений в Гугле. Запуск контекстной рекламы в Google AdWords целесообразен для любых компаний: от агенства праздников... ;internet-marketings.ru›Google AdWords;
20.11.2018 19:36:07;seo;9;реклама в гугл;Подробное руководство по Google AdWords (Google Ads)...;Контекстная реклама в Google Adwords: что это такое и как это работает. ... 27 июня 2018 года Google сообщил о переименовании AdWords в Google Ads. ;TexTerra.ru›Блог›Google AdWords;
20.11.2018 19:36:07;seo;10;реклама в гугл;Как разместить рекламу в ГУГЛ - YouTube;Как разместить рекламу в ГУГЛ Вы можете найти полезную информацию здесь ... Как разместить рекламу и настроить Google AdWords самостоятельно [урок 2] || AdWords для начинающих - Продолжительность: 11:04 Юлия... ;youtube.com›watch?v=UzeGbogoPro;
20.11.2018 19:36:07;seo;11;реклама в гугл;Как настроить поисковую рекламу в Google AdWords;Как создать поисковые объявления в новой версии Google AdWords? Руководство по настройке поисковой рекламы в AdWords на сайте eLama. ;elama.ru›Блог›…reklamu-v-google-adwords;
20.11.2018 19:36:07;seo;12;реклама в гугл;Реклама в Google AdWords: сколько стоит и какова цена...;Контекстная реклама Google AdWords. В статье вы узнаете, сколько платят за клик рекламодатели AdWords из разных регионов и сфер бизнеса, а также почему клики...;1ps.ru›Блог›Интернет-реклама›Реклама в Google AdWords;
20.11.2018 19:36:07;seo;13;реклама в гугл;Реклама в гугл — 1 млн видео;;Яндекс.Видео›реклама в гугл;
20.11.2018 19:36:07;seo;14;реклама в гугл;Как разместить рекламу в Google. Как разместить...;Как разместить рекламу в Google. Вы начинающий бизнесмен и хотите привлечь через интернет, в частности через поисковую систему Google, внимание к своей кампании? Рассмотрим, как с помощью рекламного сервиса «Google... ;sovetclub.ru›kak-razmestit-reklamu-v-google;
20.11.2018 19:36:07;seo;15;реклама в гугл;Google Adwords - настройка рекламы своими руками...;Настройка рекламы в Google Adwords своими руками, руководство для новичков. Пример создания рекламной компании в Google Adwords и работа с... ;seostop.ru›reklama/google-adwords.html;
20.11.2018 19:36:07;реклама;16;реклама в гугл;Гугл реклама в Ставрополе – Заявки ждут!;Быстро, качественно и дешево настроим рекламу в Google. Ремаркетинг в подарок!;ставрополь.synapse-studio.ru›Реклама-в-Google;Настройка от 5000₽||Бюджет от 10000₽||Нет % на бюджет||Аудит бесплатно
20.11.2018 19:36:07;реклама;17;реклама в гугл;Гугл реклама! Заходите! – О Вас узнают все!;Гугл реклама! Цена от 38 руб/мес! 5000₽ в подарок;rus-media.pro›реклама-в-лифтах;Кейсы||Как выглядит||О нас||Отзывы
20.11.2018 19:36:07;реклама;18;реклама в гугл;Управление рекламой в Google – Через сервис eLama!;Эффективный сервис для управления контекстной рекламой в Google Ads;elama.ru;Что такое eLama||Обучающие вебинары||Полезные статьи||Для агентств
20.11.2018 19:36:07;реклама;19;реклама в гугл;"Заказать веб сайт ""под ключ"" – Телефон веб студии";"По SEO наш сайт на первом месте в России! Набираем в Яндексе ""Заказать сайт телефон""";diversinvestsystem.ru;Landing page||Сайт компании||Интернет магазин||SEO продвижение
20.11.2018 20:35:36;реклама;1;реклама в гугл;Яндекс.Директ - эффективная реклама – Начните сейчас!;Целевые посетители для вашего сайта. Гибкие настройки. Быстрый результат!;direct.yandex.ru›Яндекс-Директ;Бесплатно настроим Директ||Обучение Директу||Кейсы||Истории успеха
20.11.2018 20:35:36;реклама;2;реклама в гугл;Google AdWords стал Google Рекламой / ads.google.com;Запустите сегодня и получите промокод на 3 000 р. Бесплатная помощь в настройке!;ads.google.com›Google-Реклама;
20.11.2018 20:35:36;реклама;3;реклама в гугл;Директолог Александр Эрфурт – Настраиваю Лично!;Яндекс Директ и Google Реклама за 16 500 рублей. 2 недели сопровождения в подарок;ksandrox.ru›реклама;
20.11.2018 20:35:36;реклама;4;реклама в гугл;Размещение Гугл рекламы – Профессионалами!;От 5000 ₽ ! Опыт 9 лет! Сертифицированное агенство! Клиенты и заявки с первого дня!;netband.ru›гугл-реклама;
20.11.2018 20:35:36;seo;5;реклама в гугл;sign in;;adwords.google.com;
20.11.2018 20:35:36;seo;6;реклама в гугл;Онлайн реклама в поиске... | Google Россия;Запустите рекламу онлайн вместе с Google Реклама. Используйте объявления с оплатой за клик и находите клиентов для вашего бизнеса в Google Поиске... ;ads.google.com;
20.11.2018 20:35:36;seo;7;реклама в гугл;Настройка рекламы Google AdWords 2018: пошаговая...;Настройка рекламы Google AdWords: пошаговая инструкция. По. Билл Джобс. ... Пример рекламных объявлений в Гугле. Запуск контекстной рекламы в Google AdWords целесообразен для любых компаний: от агенства праздников... ;internet-marketings.ru›Google AdWords;
20.11.2018 20:35:36;seo;8;реклама в гугл;Как рекламировать ваш бизнес в Google абсолютно...;Почему бесплатная реклама в Google важна для вашего бизнеса? ... Для достижения этого вам понадобится всего один сервис – Google Мой Бизнес. С его помощью вы разместите информацию о вашей компании в Google+... ;geniusmarketing.me›lab…reklamirovat-vash…v-google…;
20.11.2018 20:35:36;seo;9;реклама в гугл;Создайте рекламную кампанию в Google AdWords за 25...;"Вы можете показывать рекламу на поиске Google; в поисковой сети Google (то есть на ... Бюджет кампании – это сумма, которую вы готовы тратить на рекламу в день. ";google.ru›intl/ru/adwords/signuptips/;
20.11.2018 20:35:36;seo;10;реклама в гугл;Реклама Гугл - профессиональное обучение и настройка;Профессиональное обучение по рекламе Гугл - настройка и ведение кампаний, оптимизация объявлений, классные кейсы и многое другое. ;alzari.ru›tag/reklama-google;
20.11.2018 20:35:36;seo;11;реклама в гугл;Подробное руководство по Google AdWords (Google Ads)...;Контекстная реклама в Google Adwords: что это такое и как это работает. ... 27 июня 2018 года Google сообщил о переименовании AdWords в Google Ads. ;TexTerra.ru›Блог›Google AdWords;
20.11.2018 20:35:36;seo;12;реклама в гугл;Как настроить поисковую рекламу в Google AdWords;Как создать поисковые объявления в новой версии Google AdWords? Руководство по настройке поисковой рекламы в AdWords на сайте eLama. ;elama.ru›Блог›…reklamu-v-google-adwords;
20.11.2018 20:35:36;seo;13;реклама в гугл;Реклама в гугл — 1 млн видео;;Яндекс.Видео›реклама в гугл;
20.11.2018 20:35:36;seo;14;реклама в гугл;Как разместить рекламу в ГУГЛ - YouTube;Как разместить рекламу в ГУГЛ Вы можете найти полезную информацию здесь ... Как разместить рекламу и настроить Google AdWords самостоятельно [урок 2] || AdWords для начинающих - Продолжительность: 11:04 Юлия...;youtube.com›watch?v=UzeGbogoPro;
20.11.2018 20:35:36;seo;15;реклама в гугл;Реклама в Google AdWords: сколько стоит и какова цена...;Контекстная реклама Google AdWords. В статье вы узнаете, сколько платят за клик рекламодатели AdWords из разных регионов и сфер бизнеса, а также почему клики...;1ps.ru›Блог›Интернет-реклама›Реклама в Google AdWords;
20.11.2018 20:35:36;реклама;16;реклама в гугл;Продвижение с помощью рекламы – Через сервис eLama!;Эффективный инструмент для продвижения с помощью контекстной рекламы!;elama.ru;Что такое eLama||Обучающие вебинары||Полезные статьи||Для агентств
20.11.2018 20:35:36;реклама;17;реклама в гугл;Профи настройка Гугл рекламы – От 4.900 ₽;Гильдия ультра-директологов. Настройка взрывной рекламы. Закажите обратный звонок!;ya-direkt.ru›Директ-и-Адвордс;Адвордс и РСЯ в подарок||Запуск от 3 дней||Воронка продаж||А-Б тесты
20.11.2018 20:35:36;реклама;18;реклама в гугл;Гугл реклама! Заходите! – О Вас узнают все!;Гугл реклама! Цена от 38 руб/мес! 5000₽ в подарок;rus-media.pro›реклама-в-лифтах;Кейсы||Как выглядит||О нас||Отзывы
20.11.2018 20:35:36;реклама;19;реклама в гугл;"Заказать веб сайт ""под ключ"" – Телефон веб студии";"По SEO наш сайт на первом месте в России! Набираем в Яндексе ""Заказать сайт телефон""";diversinvestsystem.ru;Landing page||Сайт компании||Интернет магазин||SEO продвижение
20.11.2018 20:37:35;реклама;1;реклама в гугл;Яндекс.Директ - эффективная реклама – Начните сейчас!;Целевые посетители для вашего сайта. Гибкие настройки. Быстрый результат!;direct.yandex.ru›Яндекс-Директ;Бесплатно настроим Директ||Обучение Директу||Кейсы||Истории успеха
20.11.2018 20:37:35;реклама;2;реклама в гугл;Google AdWords стал Google Рекламой / ads.google.com;Запустите сегодня и получите промокод на 3 000 р. Бесплатная помощь в настройке!;ads.google.com›Google-Реклама;
20.11.2018 20:37:35;реклама;3;реклама в гугл;Директолог Александр Эрфурт – Настраиваю Лично!;Яндекс Директ и Google Реклама за 16 500 рублей. 2 недели сопровождения в подарок;ksandrox.ru›реклама;
20.11.2018 20:37:35;реклама;4;реклама в гугл;Размещение Гугл рекламы – Профессионалами!;От 5000 ₽ ! Опыт 9 лет! Сертифицированное агенство! Клиенты и заявки с первого дня!;netband.ru›гугл-реклама;
20.11.2018 20:37:35;seo;5;реклама в гугл;Презентации в Google Slides — Среда 31;Программа курса: Основы Google Slides: интерфейс Google Slides, способы создания презентаций, сохраненные версии презентаций, скачивание презентаций, печать презентаций, импорт презентаций и слайдов. Работа с...;Яндекс.Афиша;
20.11.2018 20:37:35;seo;6;реклама в гугл;sign in;;adwords.google.com;
20.11.2018 20:37:35;seo;7;реклама в гугл;Онлайн реклама в поиске... | Google Россия;Запустите рекламу онлайн вместе с Google Реклама. Используйте объявления с оплатой за клик и находите клиентов для вашего бизнеса в Google Поиске... ;ads.google.com;
20.11.2018 20:37:35;seo;8;реклама в гугл;Настройка рекламы Google AdWords 2018: пошаговая...;Настройка рекламы Google AdWords: пошаговая инструкция. По. Билл Джобс. ... Пример рекламных объявлений в Гугле. Запуск контекстной рекламы в Google AdWords целесообразен для любых компаний: от агенства праздников... ;internet-marketings.ru›Google AdWords;
20.11.2018 20:37:35;seo;9;реклама в гугл;Как рекламировать ваш бизнес в Google абсолютно...;Почему бесплатная реклама в Google важна для вашего бизнеса? ... Для достижения этого вам понадобится всего один сервис – Google Мой Бизнес. С его помощью вы разместите информацию о вашей компании в Google+... ;geniusmarketing.me›lab…reklamirovat-vash…v-google…;
20.11.2018 20:37:35;seo;10;реклама в гугл;Создайте рекламную кампанию в Google AdWords за 25...;"Вы можете показывать рекламу на поиске Google; в поисковой сети Google (то есть на ... Бюджет кампании – это сумма, которую вы готовы тратить на рекламу в день. ";google.ru›intl/ru/adwords/signuptips/;
20.11.2018 20:37:35;seo;11;реклама в гугл;Реклама Гугл - профессиональное обучение и настройка;Профессиональное обучение по рекламе Гугл - настройка и ведение кампаний, оптимизация объявлений, классные кейсы и многое другое. ;alzari.ru›tag/reklama-google;
20.11.2018 20:37:35;seo;12;реклама в гугл;Подробное руководство по Google AdWords (Google Ads)...;Контекстная реклама в Google Adwords: что это такое и как это работает. ... 27 июня 2018 года Google сообщил о переименовании AdWords в Google Ads. ;TexTerra.ru›Блог›Google AdWords;
20.11.2018 20:37:35;seo;13;реклама в гугл;Реклама в гугл — 1 млн видео;;Яндекс.Видео›реклама в гугл;
20.11.2018 20:37:35;seo;14;реклама в гугл;Как настроить поисковую рекламу в Google AdWords;Как создать поисковые объявления в новой версии Google AdWords? Руководство по настройке поисковой рекламы в AdWords на сайте eLama. ;elama.ru›Блог›…reklamu-v-google-adwords;
20.11.2018 20:37:35;seo;15;реклама в гугл;Как разместить рекламу в ГУГЛ - YouTube;Как разместить рекламу в ГУГЛ Вы можете найти полезную информацию здесь ... Как разместить рекламу и настроить Google AdWords самостоятельно [урок 2] || AdWords для начинающих - Продолжительность: 11:04 Юлия...;youtube.com›watch?v=UzeGbogoPro;
20.11.2018 20:37:35;seo;16;реклама в гугл;Реклама в Google AdWords: сколько стоит и какова цена...;Контекстная реклама Google AdWords. В статье вы узнаете, сколько платят за клик рекламодатели AdWords из разных регионов и сфер бизнеса, а также почему клики...;1ps.ru›Блог›Интернет-реклама›Реклама в Google AdWords;
20.11.2018 20:37:35;реклама;17;реклама в гугл;Продвижение с помощью рекламы – Через сервис eLama!;Эффективный инструмент для продвижения с помощью контекстной рекламы!;elama.ru;Что такое eLama||Обучающие вебинары||Полезные статьи||Для агентств
20.11.2018 20:37:35;реклама;18;реклама в гугл;Гугл реклама! Заходите! – О Вас узнают все!;Гугл реклама! Цена от 38 руб/мес! 5000₽ в подарок;rus-media.pro›реклама-в-лифтах;Кейсы||Как выглядит||О нас||Отзывы
20.11.2018 20:37:35;реклама;19;реклама в гугл;"Заказать веб сайт ""под ключ"" – Телефон веб студии";"По SEO наш сайт на первом месте в России! Набираем в Яндексе ""Заказать сайт телефон""";diversinvestsystem.ru;Landing page||Сайт компании||Интернет магазин||SEO продвижение
20.11.2018 20:37:35;реклама;20;реклама в гугл;Реклама в Гугл – Автоматизированный сервис;Высокая конверсия! Реклама в Директ.;qiberty.com;
